Tweet Text,Tweet Datetime,Tweet Id,User Id,User Name,Tweet Coordinates,Place Info,Country,Hashtags,Retweets,Favorites,Language,Source,Replied Tweet Id,Replied Tweet User Id
"In 1917, it was ""THE IMPERIALISTS"".
In 1933, it was ""THE JEWS"".
In 2020, it is ""THE VIRUS"".
Welcome to the New World Order END GAME they're LOSING follow 
@FluHoax
 for the latest scamdemic breakdowns
#FauciTheFraud #BillGatesEvil #NewWorldOrder #PlandemicHoax #NoMask #qanon https://t.co/bK5AVxPUrB",2020-11-01 00:06:47,1322691521913737216,1000736389246472193,TomsettRob,,,,"['FauciTheFraud', 'BillGatesEvil', 'NewWorldOrder', 'PlandemicHoax', 'NoMask', 'qanon']",0,0,en,Twitter Web App,,
@CBSNews @pollyhigley1 #NoMask #FireFauci https://t.co/7QTfXyiOJ6,2020-11-01 04:47:05,1322762059864559616,1275846802206601218,John83562286,,,,"['NoMask', 'FireFauci']",1,1,und,Twitter Web App,1.3227451768933048e+18,15012486.0
RT @John83562286: @CBSNews @pollyhigley1 #NoMask #FireFauci https://t.co/7QTfXyiOJ6,2020-11-01 04:47:51,1322762251300970497,1275846802206601218,John83562286,,,,"['NoMask', 'FireFauci']",1,0,und,Twitter Web App,,
"@LegaSalvini Ma non eravate per i #NoMask, #Negazionisti, #ApriamoTutto ?

Che fine hanno fatto gli #InfermieriNostriEroi?",2020-11-01 06:29:48,1322787909985013760,942662407171735552,ItaloLeone6,,,,"['NoMask', 'Negazionisti', 'ApriamoTutto', 'InfermieriNostriEroi']",0,0,it,Twitter Web App,1.3226636496437985e+18,13514762.0
"RT @AMOREGRANDEE: LA BUFALA DELLA MASCHERINA !
#NoMask",2020-11-01 07:41:50,1322806035657199616,358270300,tigrelt,,,,['NoMask'],8,0,it,Twitter for Android,,
"""Il popolo #nomask che nasconde l’ultradestra.
Da Praga a Berlino, passando per l’Italia fino oltre Atlantico, lo strano cocktail dei negazionisti del #COVID19. La leva del disagio sociale. L’ipotesi di una cabina di regia"".
Patria Indipendente https://t.co/myO89A1fMB #1novembre https://t.co/qEb4bHvvcJ",2020-11-01 08:24:58,1322816891761709056,1073573249970257925,ANPIBsCarmine,,,,"['nomask', 'COVID19', '1novembre']",4,4,it,Twitter Web App,,
#COVID19 #NoMask #nolockdown https://t.co/NXz0Ncqe7N,2020-11-01 08:28:43,1322817833810776064,1240941938800496641,levanten77,,,,"['COVID19', 'NoMask', 'nolockdown']",0,2,und,Twitter for Android,,
RT @MarcoNoel19: Il problema dei #NoMask è aver avuto dei padri No Condom.,2020-11-01 10:33:55,1322849344341614592,869873746559062017,AlvisiConci,,,,['NoMask'],1632,0,it,Twitter for Android,,
"@MayorofLondon Dr Mike Yeadon 30y+veteran research scientist &amp; former peer of Sir Patrick Vallance.Chief Scientific Officer of A&amp;R Research Unit of Pfizer,published over 40 original research articles etc.Calls out Vallance,explains the science:  #KBF #Plandemic #NoMask 
https://t.co/CWE1tuskI4",2020-11-01 11:27:57,1322862942728146945,330671747,HilltopHare,,,,"['KBF', 'Plandemic', 'NoMask']",0,0,en,Twitter Web App,1.3228296729971466e+18,14700117.0
#NoNewNormal #NoMask https://t.co/BeMhaMjbRZ,2020-11-01 11:49:52,1322868455700418563,1294811350053552129,Nypatriot1978,,,,"['NoNewNormal', 'NoMask']",0,0,und,Twitter for iPhone,,
Posted this a while bk but I think a few need to hear it again 🤣 #NoMoreLockdowns #KBF #NoMask #wewillnotcomply #BorisHasFailedTheUK https://t.co/JdXyn7Ywiv,2020-11-01 12:21:53,1322876514430554112,1243316460073684993,Jon1618h,,,,"['NoMoreLockdowns', 'KBF', 'NoMask', 'wewillnotcomply', 'BorisHasFailedTheUK']",12,29,en,Twitter for Android,,
RT @Jon1618h: Posted this a while bk but I think a few need to hear it again 🤣 #NoMoreLockdowns #KBF #NoMask #wewillnotcomply #BorisHasFail…,2020-11-01 13:08:13,1322888174788595716,600877611,dafhwales,,,,"['NoMoreLockdowns', 'KBF', 'NoMask', 'wewillnotcomply']",12,0,en,Twitter Web App,,
"Da #Fico linea dura contro i #nomask: ""Espellere dalle commissioni chi non usa la #mascherina"". Un modo diplomatico per togliersi #Sgarbi e #Salvini dai coglioni in un colpo solo.

@LucillaMasini",2020-11-01 13:30:41,1322893826286145536,4794414694,Satiraptus,,,,"['Fico', 'nomask', 'mascherina', 'Sgarbi', 'Salvini']",13,90,it,Twitter for Android,,
The latest The Health care Daily! https://t.co/OzDCIbidZ9 #themoreyouknow #nomask,2020-11-01 14:53:14,1322914601839767554,1019604048591253504,sunilku44999456,,,,"['themoreyouknow', 'nomask']",0,0,en,Paper.li,,
The latest The Health Daily! https://t.co/xopbhCjiyV Thanks to @pommecan2 @LindaMeredithFL #themoreyouknow #nomask,2020-11-01 15:06:34,1322917957295628290,1097517192059379712,PandeyRitushree,,,,"['themoreyouknow', 'nomask']",0,0,en,Paper.li,,
The latest The Health Daily! https://t.co/4HVinVkxKB #themoreyouknow #nomask,2020-11-01 15:26:30,1322922973679001600,1204029406118678528,DamascoThea,,,,"['themoreyouknow', 'nomask']",0,0,en,Paper.li,,
@ScottGottliebMD #NoMask #Marxist #MSMIsTheEnemyOfThePeople #MSM #MSMFearMongerers #Trump2020Landslide #FakeNewsMedia https://t.co/IGBFKWSIE5,2020-11-01 16:56:32,1322945631325925377,1165805278564179968,MackBlack99,,,,"['NoMask', 'Marxist', 'MSMIsTheEnemyOfThePeople', 'MSM', 'MSMFearMongerers', 'Trump2020Landslide', 'FakeNewsMedia']",0,0,und,Twitter for iPhone,1.3229183622221332e+18,40156330.0
Torino parla. #Covid_19 #negazionisti #Covidioti #NoMask https://t.co/jwe8lCKkwY,2020-11-01 17:35:16,1322955381413498881,259327097,Pilgrim1983,,,,"['Covid_19', 'negazionisti', 'Covidioti', 'NoMask']",0,0,es,Twitter Web App,,
#scamdemic2020 #NoMask https://t.co/znl7G2WLg6,2020-11-01 17:55:10,1322960386560299008,1068610137013792770,MAGATISM_369,,,,"['scamdemic2020', 'NoMask']",7,17,und,Twitter for iPhone,,
"#torino #NoMask
Andrea Villa https://t.co/WqCIV5YUAw",2020-11-01 18:18:44,1322966319730491394,1250066983024025600,KYOKO_lombardia,,,,"['torino', 'NoMask']",1,3,es,Twitter for Android,,
"@anubi_matt @LuisaCMoon Se siamo nella #secondaondata la colpa è anche di questi #covidioti! 🤬
Sulle loro mani hanno il sangue di centinaia di italiani! 😏

#coronavirus #COVID19 #stopcovid19 #Covid_19 #Salvini #Meloni #Lega #FratellidItalia #negazionisti #negazionistinocovid #nomask #nomasks #novax https://t.co/mIgp4csyT3",2020-11-01 18:23:00,1322967391480041487,3241796650,giusvo,,,,"['secondaondata', 'covidioti', 'coronavirus', 'COVID19', 'stopcovid19', 'Covid_19', 'Salvini', 'Meloni', 'Lega', 'FratellidItalia', 'negazionisti', 'negazionistinocovid', 'nomask', 'nomasks', 'novax']",10,12,it,Twitter for Android,1.3228840238243226e+18,201421240.0
"@Janet4Pinellas She wants to make you sick with the mask, because if you’re live next to the ocean breathe fresh air #NoMask",2020-11-01 18:46:45,1322973367813758977,1309591862643224576,Bitcoin_2021_,,,,['NoMask'],0,0,en,Twitter for iPhone,1.3227595868399616e+18,545973712.0
"RT @Satiraptus: Da #Fico linea dura contro i #nomask: ""Espellere dalle commissioni chi non usa la #mascherina"". Un modo diplomatico per tog…",2020-11-01 20:26:48,1322998545826357248,1146412314251448320,60_cla,,,,"['Fico', 'nomask', 'mascherina']",13,0,it,Twitter for Android,,
Breathing is a human right #nomask https://t.co/oVuu6BQ3g8,2020-11-01 21:07:24,1323008763457118211,36207176,covertress,,,,['nomask'],2,11,en,Twitter Web App,,
RT @MAGATISM_369: #scamdemic2020 #NoMask https://t.co/znl7G2WLg6,2020-11-01 21:22:17,1323012512007278592,1261011433413849088,Memerw17,,,,"['scamdemic2020', 'NoMask']",7,0,und,Twitter for Android,,
RT @covertress: Breathing is a human right #nomask https://t.co/oVuu6BQ3g8,2020-11-01 21:28:56,1323014184708263938,817468399164997632,BurdgesW,,,,['nomask'],2,0,en,Twitter Web App,,
RT @covertress: Breathing is a human right #nomask https://t.co/oVuu6BQ3g8,2020-11-01 21:58:34,1323021641329377280,1246516068677554177,feu_serpent,,,,['nomask'],2,0,en,Twitterrific for iOS,,
Together we are stronger. Two periods of industrial action in the FS has taught me this #butterflyeffect #nolockdown #nomasknovember #nomask,2020-11-01 22:25:29,1323028414303887360,400733896,Austinfoy77,,,,"['butterflyeffect', 'nolockdown', 'nomasknovember', 'nomask']",0,0,en,Twitter for iPhone,,
@chetempochefa @lucianinalitti Io sono settimane che auspico un'autocertificazione per #negazionisti #nomask e cazzoni vari. Spero che ora che l'ha detto Luciana diventi vero😜,2020-11-01 22:35:50,1323031018127937536,2811714384,chiara_ste77,,,,"['negazionisti', 'nomask']",0,0,it,Twitter Web App,1.3230083556491346e+18,58748101.0
@thecjpearson @TBeansprout @realDonaldTrump Thank you patriot 🙏I voted #earlyvotingNC In person #NoMask for @realDonaldTrump &amp; #VoteRED2020RemoveEveryDemocrat,2020-11-01 22:43:56,1323033057801211904,777505235262726144,_GMan4,,,,"['earlyvotingNC', 'NoMask', 'VoteRED2020RemoveEveryDemocrat']",0,0,en,Twitter for iPhone,1.3226112170730865e+18,2393323908.0
"SCHIFO ITALICO
Annate a fa sta gita almeno imparate qualcosa (ovviamente rigorosamente senza mascherina!)
#1novembre #negazionisti #NoMask Guest stars @BarillariDav @a_meluzzi @pbecchi @sacchetti @VittorioSgarbi and many more
https://t.co/POie9Oql8Y",2020-11-01 23:10:03,1323039631127052288,1253006838360047618,mau13_mau,,,,"['1novembre', 'negazionisti', 'NoMask']",0,2,it,Twitter Web App,,
"@ElettraLambo Io ho già votato per Trump.
Fatelo anche voi entro martedì 😊
#Salvinigenio 
#NoMask 
#VoteForTrump2020",2020-11-01 23:21:26,1323042494993604613,1318911648577560581,RobadaMatteo,,,,"['Salvinigenio', 'NoMask', 'VoteForTrump2020']",0,3,it,Twitter for Android,1.3230406611389768e+18,3033361758.0
@CanuckTraveler @globeandmail I will NEVER take this poison vaccine that they are clearly LYING about! My gosh you people are dense!!!! #NoMask #NoVaccines https://t.co/iPUvDsICTD,2020-11-01 23:30:27,1323044765353627648,1046592007970410498,Marinez1M,,,,"['NoMask', 'NoVaccines']",0,0,en,Twitter for iPhone,1.3225785635901809e+18,1.0061860753904394e+18
#CorruptJoeBiden #NoMask #LiberalHypocrisy #JoeBiden #Trump2020Landslide #MAGA https://t.co/SeAo5Iaof8,2020-11-02 00:16:48,1323056427959803904,27348211,seanjohnson704,,,,"['CorruptJoeBiden', 'NoMask', 'LiberalHypocrisy', 'JoeBiden', 'Trump2020Landslide', 'MAGA']",2,2,und,Twitter for iPhone,,
RT @seanjohnson704: #CorruptJoeBiden #NoMask #LiberalHypocrisy #JoeBiden #Trump2020Landslide #MAGA https://t.co/SeAo5Iaof8,2020-11-02 01:12:09,1323070356920434704,854681849079234561,newliberallogic,,,,"['CorruptJoeBiden', 'NoMask', 'LiberalHypocrisy', 'JoeBiden', 'Trump2020Landslide', 'MAGA']",2,0,und,retweet LiberalHypocrisy,,
@mattsb4life @MattFinkes #NoMask #NoVaccine,2020-11-02 03:21:57,1323103023829311493,1289290710487904256,BAdams655818,,,,"['NoMask', 'NoVaccine']",0,0,und,Twitter for iPhone,1.3230058176632463e+18,2704741673.0
"@lucadel79 @Open_gol No, dovrebbe far riflettere i #nomask
Se pensava dovesse far ridere, si faccia una domanda.",2020-11-02 05:33:39,1323136168477794306,1003259834886754304,e_trombino,,,,['nomask'],0,0,it,Twitter for Android,1.3229787736466145e+18,1065948865.0
"RT @Ecb98Poonia: #SAVE_GovtEnggColleges_Raj 
@ashokgehlot51 
@drsubhashg 
@RajCMO 
@hanumanbeniwal 
@Barmer_Harish 
@RameshwarDudi 
#nomask…",2020-11-02 05:52:09,1323140820820611072,1043724079583264768,RajoriaShekhar,,,,"['SAVE_GovtEnggColleges_Raj', 'nomask']",18,0,und,Twitter for Android,,
#negazionisti #nomask #covid  https://t.co/4HhgJHXV3V,2020-11-02 10:06:12,1323204755439669248,161428463,VeritaMaat,,,,"['negazionisti', 'nomask', 'covid']",0,2,und,Twitter for Android,,
@danny29597665 @BFMTV ❤️no #NoMask #nolockdown,2020-11-02 10:51:59,1323216278857928705,1216001848827576321,CMaghner,,,,"['NoMask', 'nolockdown']",0,1,und,Twitter for iPhone,1.32321568461312e+18,9.739906197596856e+17
"@pdnetwork Siete solo dei #dittatori, altro che #democratici 🤡🤡🤡

#DittaturaSanitaria #LItaliaSiRibella #decretoristori #PDioti #NoMask",2020-11-02 14:41:34,1323274052467859457,2829384057,FastPonz,,,,"['dittatori', 'democratici', 'DittaturaSanitaria', 'LItaliaSiRibella', 'decretoristori', 'PDioti', 'NoMask']",0,0,it,Twitter for iPhone,1.32325604458428e+18,13294452.0
@CallMeDaddyDunc #NoMask 😂😂,2020-11-02 15:27:35,1323285636284096514,2534693494,Johnny_vegas_,,,,['NoMask'],0,1,und,Twitter for iPhone,1.3232851384076247e+18,132934851.0
"“La mancanza di prove empiriche nelle  decisioni politiche come risposta globale alla pandemia #Covid19 è un fallimento delle evidenze, come può accadere una sola volta in cento anni...”
Professor Dr. John Ioannidis
(Università di Stanford) #nolockdown #NoMask https://t.co/0jqD1QnNCA",2020-11-02 15:44:39,1323289930953641990,1111381957261316096,ManavaBit,,,,"['Covid19', 'nolockdown', 'NoMask']",8,13,it,Twitter for iPhone,,
"Flying in a few days but airline will only let me fly with #NoMask if I have a doctor's letter. Doctor said letters not issued by the GP Practice as they are not required by law if you wear #NoMask. However, he'll write one if I give him 20 quid.",2020-11-02 15:58:31,1323293417565265922,108921102,bitteroldqueen,,,,"['NoMask', 'NoMask']",0,0,en,Twitter for Android,,
"Ciao #pieroangela raccontaci ancora quanto è bello l’esercito per tenere a casa i #nomask...
E voi #covid(ioti), che cavalcate l’onda del momento e fate poi una piroetta per pararvi il culo quando serve, che scusa avete?
Lui almeno è vecchio e ben pagato!

https://t.co/XrJyRNyPQC",2020-11-02 16:01:32,1323294180064567297,1319999334025494529,10clarenc3,,,,"['pieroangela', 'nomask', 'covid']",0,0,it,Twitter for iPhone,,
#Sisolak #GovernorSisolak #GovernorSisolakOfNevada #Hypocrite #Nevada #LasVegas #RecallSisolak #OneTermGovernor #NoMask #NoMasks #WorstGovernorEver https://t.co/CrgPZX1vBd,2020-11-02 17:46:42,1323320645292191744,747222559452708864,AdrienneF315,,,,"['Sisolak', 'GovernorSisolak', 'GovernorSisolakOfNevada', 'Hypocrite', 'Nevada', 'LasVegas', 'RecallSisolak', 'OneTermGovernor', 'NoMask', 'NoMasks', 'WorstGovernorEver']",0,1,und,Twitter for iPhone,,
"#nomask #nocoprifuoco #nodittaturasanitaria #statodipolizia 

#PADOVA https://t.co/ZsTQiEzuzL",2020-11-02 17:51:03,1323321739758215171,1250373535907938307,Cirenderaliberi,,,,"['nomask', 'nocoprifuoco', 'nodittaturasanitaria', 'statodipolizia', 'PADOVA']",3,5,und,Twitter for Android,,
@KathyBuckworth @Mom_interrupted @fordnation Anyone who finds somewhere in or around Toronto please reply so Kathy will know where there is stock! Someone told me about this site @myflushot that is supposed to say where there is stock! I would check the @ShopprsDrugMart 2 minutes from my home but the PHARMACIST is #NoMask!! https://t.co/eMBgJPc7Ly,2020-11-02 17:52:51,1323322192176812033,4828356043,ZnoneoftheAbove,,,,['NoMask'],0,1,en,Twitter for Android,1.3233037324408955e+18,20610552.0
#Sisolak #GovernorSisolak #GovernorSisolakOfNevada #Hypocrite #Nevada #LasVegas #RecallSisolak #OneTermGovernor #NoMask #NoMasks #WorstGovernorEver https://t.co/NhRwhonmNo,2020-11-02 18:02:51,1323324707056177153,747222559452708864,AdrienneF315,,,,"['Sisolak', 'GovernorSisolak', 'GovernorSisolakOfNevada', 'Hypocrite', 'Nevada', 'LasVegas', 'RecallSisolak', 'OneTermGovernor', 'NoMask', 'NoMasks', 'WorstGovernorEver']",0,2,und,Twitter for iPhone,,
#KBF #NoMask #nolockdown #WeWillNotComply https://t.co/VfKo9iO9Ls,2020-11-02 18:26:06,1323330558936686594,74963487,tarsins,,,,"['KBF', 'NoMask', 'nolockdown', 'WeWillNotComply']",0,0,und,Twitter Web App,,
#Sisolak #GovernorSisolak #GovernorSisolakOfNevada #Hypocrite #Nevada #LasVegas #RecallSisolak #OneTermGovernor #NoMask #NoMasks #WorstGovernorEver https://t.co/t2oS6p04dp,2020-11-02 18:27:52,1323331003541188614,747222559452708864,AdrienneF315,,,,"['Sisolak', 'GovernorSisolak', 'GovernorSisolakOfNevada', 'Hypocrite', 'Nevada', 'LasVegas', 'RecallSisolak', 'OneTermGovernor', 'NoMask', 'NoMasks', 'WorstGovernorEver']",0,1,und,Twitter for iPhone,,
"Claire Edwards - Former UN staff member: ""CV-19 Genocide of 2020""
https://t.co/CN4cUU664C

@BrianPallister 
#COVID19 
#NoMask 

""The pandemic is over."" - Dr. Mike Yeadon. 
https://t.co/LUoPU9TTbe

#cdnpoli 
#cdnmedia 

#COVID Testing &amp; 'Cycle thresholds.'
https://t.co/aw8ug3T1tq https://t.co/RtEQPPvxpo",2020-11-02 18:30:56,1323331776983552001,1265137472,nopetousername,,,,"['COVID19', 'NoMask', 'cdnpoli', 'cdnmedia', 'COVID']",1,1,en,Twitter Web App,,
"He just cancelled the Fireworks for New Years Eve.
The worst Governor in the history of Nevada.
I have signed the petition. It seems like we should have enough signatures by now.
I stop wearing a mask anywhere starting today. 
I will not comply. #NoMask , #RecallSisolak https://t.co/3G74LHvK29",2020-11-02 18:31:36,1323331942234746880,807043452059820032,ar212lv,,,,"['NoMask', 'RecallSisolak']",0,0,en,Twitter Web App,,
#NoMask #COVID #Liberta #COVIDIOTS https://t.co/TfL6o9JBSr,2020-11-02 19:04:07,1323340127826051072,1275637309,ste_pal,,,,"['NoMask', 'COVID', 'Liberta', 'COVIDIOTS']",0,0,und,Twitter for Android,,
"RT @Cirenderaliberi: #nomask #nocoprifuoco #nodittaturasanitaria #statodipolizia 

#PADOVA https://t.co/ZsTQiEzuzL",2020-11-02 19:46:11,1323350712592596997,1309160248914120705,vincenz94704898,,,,"['nomask', 'nocoprifuoco', 'nodittaturasanitaria', 'statodipolizia', 'PADOVA']",3,0,und,Twitter Web App,,
#Plandemic #TheGreatReset #NoMask https://t.co/od2pbRS2Wu,2020-11-02 20:06:13,1323355756217982976,1283494840890777600,ConnieL36115493,,,,"['Plandemic', 'TheGreatReset', 'NoMask']",0,0,und,Twitter for iPhone,,
Covid hoax #NoMask https://t.co/pNuWVIS1r7,2020-11-02 20:10:00,1323356709193134086,3083190076,IvanaCantoGiran,,,,['NoMask'],1,1,en,Twitter for Android,,
"RT @AntonioSomma: Se quando mi ammalo il mio posto letto in ospedale è occupato da un imbecille #negazionista #nomask #novax, rivendico il…",2020-11-02 20:37:07,1323363530398191616,1665800552,bartolovinci,,,,"['negazionista', 'nomask', 'novax']",1,0,it,Twitter for Android,,
"#GovernoDellaVergogna #truffacovid #DittaturaSanitaria  #statodiemergenza #NoMask #Covidioti #FakePandemic #lockdown #Lockdown2 
Fughe di notizie dal Canada sul grande reset: campi di detenzione e tabella di marcia. DIFFONDERE https://t.co/bIvzMoDmlx",2020-11-02 20:43:08,1323365046207107078,1260015219998371841,michele99020295,,,,"['GovernoDellaVergogna', 'truffacovid', 'DittaturaSanitaria', 'statodiemergenza', 'NoMask', 'Covidioti', 'FakePandemic', 'lockdown', 'Lockdown2']",0,0,it,Twitter Web App,,
@AmandaSeitz @APFactCheck 1 month ago in Florida.. #JoeBiden #NoMask ....so big deal https://t.co/0IG3BGfTs2,2020-11-02 21:35:45,1323378288895676418,1200423920182140929,donwayne0615,,,,"['JoeBiden', 'NoMask']",1,0,en,Twitter Web App,1.323278515266007e+18,139923175.0
@LeadStoriesCom 1 month ago in Florida...so big deal- #JoeBiden #NoMask https://t.co/w4S8jt3KaK,2020-11-02 21:39:59,1323379352566927367,1200423920182140929,donwayne0615,,,,"['JoeBiden', 'NoMask']",1,0,en,Twitter Web App,1.3231560185038356e+18,3247925082.0
@CuomoPrimeTime @ChrisCuomo You look very concerned about #COVID19 here @ChrisCuomo #NoMask #Hypocrite https://t.co/jzXYz4utgy,2020-11-03 00:38:02,1323424158206840832,1052890357,paolam1973,,,,"['COVID19', 'NoMask', 'Hypocrite']",1,0,en,Twitter for iPhone,1.3223559246322442e+18,9.027254453340447e+17
😂😂😂 #NoMask https://t.co/98e1tobQSX,2020-11-03 01:06:20,1323431282651459584,1123644678,utahlion,,,,['NoMask'],2,4,und,Twitter for Android,,
"Obedience is the virus
#NoMask 
#ThrowItAway https://t.co/bUPYPCi7uS",2020-11-03 01:16:12,1323433763347537920,14238194,Fuknutz,,,,"['NoMask', 'ThrowItAway']",17,27,en,Twitter Web App,,
@mikeparson #NoMask @GovParsonMO https://t.co/S6RQP6tMkY,2020-11-03 01:19:34,1323434611649748992,13920982,kcbankruptcy,,,,['NoMask'],0,2,und,Twitter for Android,1.323304450530939e+18,74522684.0
@CryptoJikky So brave. #copsforcovidtruth #WeWillNotComply #AUSwithUK #NoMask #freevictoria #freemelbourne,2020-11-03 01:23:03,1323435488276107264,1187366040956620800,tutornetic,,,,"['copsforcovidtruth', 'WeWillNotComply', 'AUSwithUK', 'NoMask', 'freevictoria', 'freemelbourne']",0,1,en,Twitter Web App,1.323183356712874e+18,1.0137651112851005e+18
RT @utahlion: 😂😂😂 #NoMask https://t.co/98e1tobQSX,2020-11-03 01:36:24,1323438848324575235,1062125899,DLWilson22,,,,['NoMask'],2,0,und,Twitter for iPhone,,
#NoMask #COVIDIOTS #MAGA https://t.co/eh3X7ejmj0,2020-11-03 03:00:03,1323459900396183552,1191391462228922370,a_msullivan,,,,"['NoMask', 'COVIDIOTS', 'MAGA']",1,2,und,Twitter for iPhone,,
"RT @Fuknutz: Obedience is the virus
#NoMask 
#ThrowItAway https://t.co/bUPYPCi7uS",2020-11-03 03:26:48,1323466631389962241,49507915,shaninphxaz,,,,"['NoMask', 'ThrowItAway']",17,0,en,Twitter for iPhone,,
"Where Is Fauci?
#Mask
#NoMask https://t.co/eX2U5ZhEmv",2020-11-03 04:13:52,1323478475295002625,1140839394422640640,ARA45064005,,,,"['Mask', 'NoMask']",0,0,en,Twitter for Android,,
@GovSisolak @ImmunizeNV #nomask 🖕 https://t.co/S8eZkxMoBM,2020-11-03 08:28:07,1323542459813486592,1281701335830687745,MeyhemV,,,,['nomask'],0,0,und,Twitter for Android,1.323296469353296e+18,1.080586433088258e+18
"AL SERVIZIO DI UNA DITTATURA 
DI IMBECILLI !
#NOMASK 
#Governodicialtroni 
#Governodicialtroni 
#GovernoCriminale https://t.co/74sf7pqzjy",2020-11-03 10:41:32,1323576036181921792,620959449,AMOREGRANDEE,,,,"['NOMASK', 'Governodicialtroni', 'Governodicialtroni', 'GovernoCriminale']",11,11,it,Twitter for Android,,
"RT @AMOREGRANDEE: AL SERVIZIO DI UNA DITTATURA 
DI IMBECILLI !
#NOMASK 
#Governodicialtroni 
#Governodicialtroni 
#GovernoCriminale",2020-11-03 10:45:50,1323577118597484545,946972735,mitsouko1,,,,"['NOMASK', 'Governodicialtroni', 'Governodicialtroni', 'GovernoCriminale']",11,0,it,Twitter for iPhone,,
"Is this right?

#NoMask 
#UnMask https://t.co/7cu8lBoVBI https://t.co/Dj2jo5Xv1e",2020-11-03 11:14:43,1323584385237602305,67280154,newironweed,,,,"['NoMask', 'UnMask']",0,0,en,Twitter Web App,,
"""Cari #negazionisti vi aspetto per un giro in corsia e vi tengo un letto con ventilatore"".

https://t.co/BI01hBXf1A

#NoMask #NoMasks #covidiota #Covidioten #CovidiotInChief #Covidiotas #CovidIdiots",2020-11-03 11:46:33,1323592398874812421,2516054084,FabioCarbone80,,,,"['negazionisti', 'NoMask', 'NoMasks', 'covidiota', 'Covidioten', 'CovidiotInChief', 'Covidiotas', 'CovidIdiots']",0,0,it,Twitter Web App,,
Good Morning my fellow Kentuckians and Americans!!!! Lets show the world Trump is here 4 mores years VOTE VOTE VOTE @GovAndyBeshear  is an idiot #NoMask #nolockdown https://t.co/BnCJ29axeR,2020-11-03 11:53:50,1323594232939118593,785124326588555266,kyrose87,,,,"['NoMask', 'nolockdown']",4,14,en,Twitter Web App,,
"RT @AMOREGRANDEE: AL SERVIZIO DI UNA DITTATURA 
DI IMBECILLI !
#NOMASK 
#Governodicialtroni 
#Governodicialtroni 
#GovernoCriminale",2020-11-03 12:06:53,1323597514231156737,1169506849,MaurizioTorchi2,,,,"['NOMASK', 'Governodicialtroni', 'Governodicialtroni', 'GovernoCriminale']",11,0,it,Twitter for Android,,
"RT @Fuknutz: Obedience is the virus
#NoMask 
#ThrowItAway https://t.co/bUPYPCi7uS",2020-11-03 14:39:49,1323636000334098432,66926691,wi_r3d,,,,"['NoMask', 'ThrowItAway']",17,0,en,Twitter Web App,,
@TLAVagabond #doublebasspedal #guitar #cymbals #hihat #snare #toms #exposewarpspeed #stopagenda2030 #notest #nomask #novax,2020-11-03 14:40:46,1323636241913520132,1321495942625898496,1114805fw,,,,"['doublebasspedal', 'guitar', 'cymbals', 'hihat', 'snare', 'toms', 'exposewarpspeed', 'stopagenda2030', 'notest', 'nomask', 'novax']",0,0,und,Twitter for Android,1.322339683238613e+18,1379418918.0
"#nomask Charlie Baker orders people to wear masks in public, no matter how far they are from other people - The Boston Globe https://t.co/ojH4MDNFnc",2020-11-03 15:08:24,1323643193586450432,1288887476325502976,AutisticAdvoca1,,,,['nomask'],0,0,en,Twitter for iPhone,,
@fingersrevenge @M_O_T_H_3_R STOP MASKING OUR CHILDREN! Child abductions are on the rise because the deep state is making it easy for the p3dos and child sex traffickers. ENOUGH! #NoMask #SaveOurChildren #TH3D3N #OpStopMap https://t.co/DjRnmi9ZTQ,2020-11-03 15:25:54,1323647598805225474,1298835094015217670,DreamerDragon2,,,,"['NoMask', 'SaveOurChildren', 'TH3D3N', 'OpStopMap']",28,30,en,Twitter for iPhone,1.3236430717084672e+18,1.31854332499166e+18
"Be an informed voter on #ElectionDay 
#IVoted with #NoMask and there was no line. 🇺🇲",2020-11-03 15:57:39,1323655588140765187,2148107023,KNBeasley,,,,"['ElectionDay', 'IVoted', 'NoMask']",0,1,en,Twitter for Android,,
"@SalvatoreTrim13 @_8Debora_ @gadlernertweet @Agenpress @Angie95485992 @Apache1000100 @AngeloCiocca @metaanto @MARIAANGELAPES1 @Barbara20993343 @Ketty57664851 @6d7198da751d4a3 @lunastorta13 @Cmmy3 @doluccia16 @seaern @fieraitaliana_ @Filomen30847137 @Gatto_Isidoro @NinaRicci_us @iside50 @livornosilega @51inif @matteosalvinimi @fabiocantarel @VittorioDeSant7 @Verdedisera1 @Veritat5 @Italiano___Vero @katerinal1979 @katya04032018 @Federica989111 @laduraveritas L'importante è che non invadono casa mia e il mio conto corrente. 
23 mila zucchine al mese, con Covid o senza Covid, a me sinceramente frega un cazzo degli Africa, anzi, gli faccio una statua sotto casa mia, grazie a loro aumento i miei consensi! 😉
#Salvinigenio 
#NoMask",2020-11-03 17:00:43,1323671460662124544,1318911648577560581,RobadaMatteo,,,,"['Salvinigenio', 'NoMask']",0,1,it,Twitter for Android,1.3236468259964436e+18,1.222053596696666e+18
"NOT ""COVID"" DEATHS: 130K+ ...CDC!!! 130,000 ""covid-19"" deaths were factually due to INFLUENZA, PNEUMONIA, HEART ATTACKS. A SCAMDEMIC -&gt; PLAIN SIGHT #fakevirus #FauciTheFraud #BillGatesEvil #NewWorldOrder #PlandemicHoax #NoMask #qanon 
https://t.co/TNvY7noMWw",2020-11-03 17:59:06,1323686154558935041,1000736389246472193,TomsettRob,,,,"['fakevirus', 'FauciTheFraud', 'BillGatesEvil', 'NewWorldOrder', 'PlandemicHoax', 'NoMask', 'qanon']",0,0,en,Twitter Web App,,
"✌🏼❤️🇺🇸💪🏼
So damn proud to cast my ballot maskless for @realDonaldTrump and all of our strong #GOP leaders today!
#vote #Vote #VOTE 
#IVoted #NoMask #NHForTrump #Trump2020 #Election2020 #ElectionDay 
#NewHampshire 
#NewHampshireRepublicans 
#Trump2020LandslideVictory https://t.co/Xwx937X6L0",2020-11-03 19:08:28,1323703611692601350,1296028532125073411,libs1184,,,,"['GOP', 'vote', 'Vote', 'VOTE', 'IVoted', 'NoMask', 'NHForTrump', 'Trump2020', 'Election2020', 'ElectionDay', 'NewHampshire', 'NewHampshireRepublicans', 'Trump2020LandslideVictory']",0,0,en,Twitter for iPhone,,
@fanpage Dove sono i #NoMask ? Tutti spariti??,2020-11-03 19:14:52,1323705221047111681,1288620317225750529,paposauro,,,,['NoMask'],0,0,it,Twitter for Android,1.3237034312704573e+18,213254229.0
#BeBest #NoMask https://t.co/FY13vW0eqr,2020-11-03 20:57:07,1323730952242212877,122396513,petermaer,,,,"['BeBest', 'NoMask']",3,7,und,Twitter for iPhone,,
"When will people wake up to the lies we're being told?

This hasn't been about a virus at any time, if people don't stand up, the majority really shouldn't make any plans beyond 2025.

They plan to exterminate you by any means possible..
#Agenda21 #coronavirusuk #COVID #NoMask",2020-11-03 21:20:30,1323736835273666560,220504159,masklessmatador,,,,"['Agenda21', 'coronavirusuk', 'COVID', 'NoMask']",8,24,en,Twitter for Android,,
"@COVIDLikesThis @FrysFoodStores @sproutsfm Good for you! 🐑 

Fry’s probably won’t miss you &amp; your little comfort mask. 
🤣🤣🤣🤣🤣🤣🤣 #nomask 

You can have Sprouts! @sproutsfm They’re dead to me! 

Not everyone can wear a mask. 

#stayathome #sheepwearmasks",2020-11-03 22:06:16,1323748354401030144,1250997211384541184,CrunchyDoughnu1,,,,"['nomask', 'stayathome', 'sheepwearmasks']",2,6,en,Twitter for iPhone,1.3237121211551703e+18,1.288916367060562e+18
libertad!!! #NoMask https://t.co/JJqjYpTFYe,2020-11-03 22:22:41,1323752487082430465,1128307707650498560,Rapumo1,,,,['NoMask'],0,0,es,Twitter Web App,,
#NoMask #2020#makeAmericaGreat🇺🇸 https://t.co/LzY6vM4Ih5,2020-11-03 23:42:21,1323772534597152768,1308161004002398208,lisaarng69,,,,['NoMask'],0,0,en,Twitter for iPhone,,
"@QRepubblica @NicolaPorro @paolotgcom Trump in vantaggio 
Trump in vantaggio 
Trump in vantaggio 
Trump in vantaggio 
🤩🤩🤩🤩🤩🤩🤩🤩

Go Trump Go
#VoteTrump2020 
#NoMask 
#AntifaTerrorists",2020-11-04 00:16:26,1323781111084974081,1322187515923701761,IvankaSo,,,,"['VoteTrump2020', 'NoMask', 'AntifaTerrorists']",0,1,it,Twitter for Android,1.3237789784029798e+18,1.0239728429484524e+18
I’m glad she was not wearing a mask. She is not ill. Not coughing or sneezing. We do not need to mask in public if we are healthy and well. #NoMask  #COVID19 #Lockdown2 #Usa2020 https://t.co/xEaB5Jneld,2020-11-04 01:02:44,1323792764983717891,1269006321480798209,closetqa1,,,,"['NoMask', 'COVID19', 'Lockdown2', 'Usa2020']",0,0,en,Twitter for iPhone,,
@denisrancourt #Scamdemic #NoMask https://t.co/aLgT55rEty,2020-11-04 01:56:01,1323806173334822921,1223440957124882433,ChArM91269403,,,,"['Scamdemic', 'NoMask']",2,1,und,Twitter for iPhone,1.3237625485634478e+18,20340705.0
Arrogance &amp; ignorance personified! #Melania flaunts #NoMask while voting in FL 🆘🚩 @NBCNews @MSNBC @ProjectLincoln @davidaxelrod @wolfblitzer @MotherJones @donlemon @ChrisCuomo @nowthisnews @ThePubliusUSA https://t.co/5FIvZvGAcf,2020-11-04 02:09:02,1323809450306621440,937517270,HumanOpinion,,,,"['Melania', 'NoMask']",0,1,en,Twitter for iPhone,,
Sembro #incazzato. In realtà sto solo pensando ai #NoMask https://t.co/uEVIwhW1JX,2020-11-04 02:22:45,1323812900990078976,146212863,davidericchiuti,,,,"['incazzato', 'NoMask']",0,1,it,Twitter for iPhone,,
#governodellavergogna #contedimettiti #maipiulockdown #nomask #torniamoliberi https://t.co/Up1nEe1sds,2020-11-04 07:44:21,1323893834250674178,1218946952924213251,Veraelena5,,,,"['governodellavergogna', 'contedimettiti', 'maipiulockdown', 'nomask', 'torniamoliberi']",0,0,und,Twitter for Android,,
@SWagenknecht @wef https://t.co/DtcyeiMa7a #noMask! #noLockdown!,2020-11-04 08:01:54,1323898250030682112,408084708,gothp1,,,,"['noMask', 'noLockdown']",0,0,und,Twitter Web App,1.3238977915303404e+18,408084708.0
"@TEJLAL_Lodhi @arnab_5222 @ChouhanShivraj @jhaprabhatbjp @JM_Scindia @vdsharmabjp @BJP4MP @JPNadda @SuhasBhagatBJP @nstomar @umasribharti @bhargav_gopal @LokendraParasar @VishvasSarang 3 naye kisan Bill banake, kisan ko bhuka,  berojgar n hame bhi kuch din me kangal karnewale #Modiji ko Kay saja deni chahiye? #EndLockdown #NoMask #Novaccine https://t.co/FJrPJ80r9C",2020-11-04 09:35:53,1323921902558089216,783991986244104192,onlyashvini,,,,"['Modiji', 'EndLockdown', 'NoMask', 'Novaccine']",0,0,hi,Twitter for Android,1.3224923448856044e+18,1.2669971609496453e+18
@o_rips Today. Everyday. #NoMask,2020-11-04 09:51:07,1323925736982544384,1286413812334317569,Manub1601,,,,['NoMask'],0,3,en,Twitter for Android,1.3236819165040845e+18,2740426550.0
"Graphs based on FRAUD
#sacksage
#doyourownresearch
#EndCovidScamNow 
#NoMask #Novaccine
#Endlockdown and all restrictions now. #coronavirus #ScamdemicIsOver https://t.co/VQXKMVXg6h",2020-11-04 10:12:18,1323931067951337474,1308517531251077122,spiritu68126729,,,,"['sacksage', 'doyourownresearch', 'EndCovidScamNow', 'NoMask', 'Novaccine', 'Endlockdown', 'coronavirus', 'ScamdemicIsOver']",0,0,en,TweetDeck,,
"2020 : PROVE TECNICHE di Apocalisse

#COVID19 #coprifuoco #elezioniUsa2020 #Trump #ISIS 
#Nizza #ErdoganHitler #Conte #DPCM #sovranisti #Lega #negazionisti #razismo #GeorgeFloyd #NoMask  #Terrorismo #mes #lockdown #nolockdown #Basta 😢",2020-11-04 12:17:20,1323962533179543552,1431247669,stefanostaffa1,,,,"['COVID19', 'coprifuoco', 'elezioniUsa2020', 'Trump', 'ISIS', 'Nizza', 'ErdoganHitler', 'Conte', 'DPCM', 'sovranisti', 'Lega', 'negazionisti', 'razismo', 'GeorgeFloyd', 'NoMask', 'Terrorismo', 'mes', 'lockdown', 'nolockdown', 'Basta']",4,35,it,Twitter Web App,,
#NoMask Health ⚠️ https://t.co/mwMhRks08q,2020-11-04 15:16:00,1324007495183093761,2397132581,LadyMercia,,,,['NoMask'],2,3,en,Twitter for iPad,,
"#ElectionDay #Election2020 TWIT FLAG BY #TwitterCensorship 

#HUGSOVERMASKS #LOVEOVERFEAR #FACTSOVERFEAR #ANTIMASK #NOMASK #ANTIMASQUES #ShadowGate #FREEAUSTIN #BREAKING #BREAKINGNEWS #QANON #TRUMP #ARANGA #MAGA #2A #CANADA #QUEBEC #MONTREAL @realDonaldTrump https://t.co/g0m1cbyXs7",2020-11-04 15:38:33,1324013169753399297,73867210,LadyDragon13,,,,"['ElectionDay', 'Election2020', 'TwitterCensorship', 'HUGSOVERMASKS', 'LOVEOVERFEAR', 'FACTSOVERFEAR', 'ANTIMASK', 'NOMASK', 'ANTIMASQUES', 'ShadowGate', 'FREEAUSTIN', 'BREAKING', 'BREAKINGNEWS', 'QANON', 'TRUMP', 'ARANGA', 'MAGA', '2A', 'CANADA', 'QUEBEC', 'MONTREAL']",0,0,en,Twitter Web App,,
"It's hilarious how Brave these people are in a tiny room, trying to belittle people into believing their bullshit... lucky for me, I had my video camera rolling so all the audio PROVING my HUMAN rights were violated is locked in!
#NHSCOVIDIOTS #NOMASK #FREEFLOWOXYGENONLY",2020-11-04 17:25:59,1324040206652264449,1262387668605906944,1stBornUniQorn,,,,"['NHSCOVIDIOTS', 'NOMASK', 'FREEFLOWOXYGENONLY']",0,0,en,Twitter Web App,1.3240402051673743e+18,1.262387668605907e+18
"DONALD TO ASK FOR A RECOUNT IN #wisconsinvotes 
#ElectionDay  #Election2020
 #HUGSOVERMASKS #LOVEOVERFEAR #FACTSOVERFEAR #ANTIMASK #NOMASK #ANTIMASQUES #ShadowGate #FREEAUSTIN #BREAKING #BREAKINGNEWS #QANON #TRUMP #ARANGA #MAGA #2A #CANADA #QUEBEC #MONTREAL @realDonaldTrump https://t.co/qVztlInNPz",2020-11-04 18:35:45,1324057763186618368,73867210,LadyDragon13,,,,"['wisconsinvotes', 'ElectionDay', 'Election2020', 'HUGSOVERMASKS', 'LOVEOVERFEAR', 'FACTSOVERFEAR', 'ANTIMASK', 'NOMASK', 'ANTIMASQUES', 'ShadowGate', 'FREEAUSTIN', 'BREAKING', 'BREAKINGNEWS', 'QANON', 'TRUMP', 'ARANGA', 'MAGA', '2A', 'CANADA', 'QUEBEC', 'MONTREAL']",1,0,en,Twitter Web App,,
"Coronavirus, una ricerca rivela: ""Ecco i danni del Covid sui polmoni""
Nel tessuto distrutto dal virus ci sono trombi, cicatrici e aggregati di cellule fuse fra loro. 

""Mai visto nulla del genere""

#Nomask #negazionisti #demmerda date n'occhiata...
#inboccaallupo😉 https://t.co/nEFZdsMps1",2020-11-04 21:15:34,1324097984586567680,1105898781176926208,Area51cinqueuno,,,,"['Nomask', 'negazionisti', 'demmerda', 'inboccaallupo']",5,9,it,Twitter Web App,,
#NoMask https://t.co/fF9mbNFiQG,2020-11-05 03:25:08,1324190989397970946,305800433,yousuda,,,,['NoMask'],0,0,und,Twitter Web App,,
"ಬೆಂಗಳೂರಿನಲ್ಲಿ ಪ್ರತಿದಿನ ಮಾಸ್ಕ್ ಹಾಕದ 50 ಜನರಿಗೆ ದಂಡ ಹಾಕುವಂತೆ ಪೊಲೀಸ್ ಕಮಿಷನರ್ ಅವರಿಂದ ಪೊಲೀಸರಿಗೆ ಟಾರ್ಗೇಟ್ ನೀಡಲಾಗಿದೆಯೇ?

ಒತ್ತಾಯ ಪೂರ್ವಕವಾಗಿ ದಂಡ ಸಂಗ್ರಹಿಸಿ ಆಡಳಿತ ನಡೆಸುವಷ್ಟು ಹೀನಾಯ ಸ್ಥಿತಿಗೆ ತಲುಪಿದೆಯಾ ರಾಜ್ಯ ಸರಕಾರ, ಬೆಂಗಳೂರು ಮಹಾನಗರ ಪಾಲಿಕೆ?
#Bengaluru #MaskFine #FineTarget #WithoutMask #NoMask https://t.co/wSUIVT1y8I",2020-11-05 08:18:31,1324264820988809218,929679978224001024,Faizal_Peraje,,,,"['Bengaluru', 'MaskFine', 'FineTarget', 'WithoutMask', 'NoMask']",25,41,kn,Twitter Web App,,
Read this. Your scientists are wrong @BorisJohnson Look outside your Westminster bubble for real answers! #nomask #nolockdown https://t.co/va33EpJyCl,2020-11-05 09:06:37,1324276923112083456,86771588,fi_writing,,,,"['nomask', 'nolockdown']",0,0,en,Twitter Web App,,
"Appello ai #complottisti #nomask 
https://t.co/44sUjklsbh",2020-11-05 11:53:28,1324318915674185728,1250373535907938307,Cirenderaliberi,,,,"['complottisti', 'nomask']",0,0,it,Twitter for Android,,
"What is less shocking is the CDC wrote me back after I asked if after 9,357,245 positive cases to date, did they ask during intake if the tester wore a mask. They don’t have that information.

#nomask #plandemic #scamdemic #FireFauci #FireBirx #COVIDlies https://t.co/PHqUPp2MrN",2020-11-05 12:34:01,1324329120390504448,918166378313498624,SamJackson10012,,,,"['nomask', 'plandemic', 'scamdemic', 'FireFauci', 'FireBirx', 'COVIDlies']",1,2,en,Twitter for iPhone,,
"Poi dicono che la #psicologia non serva.
#COVID19 #nomask #novax https://t.co/yeZTzgrhev",2020-11-05 12:51:20,1324333478062772228,30184850,arturodicorinto,,,,"['psicologia', 'COVID19', 'nomask', 'novax']",10,32,it,Twitter Web App,,
"#Dublino Questo video è altamente disturbante . Noto gruppo di “ patrioti” di estrema destra su un bus insultano i passeggeri, manifestazione #nomask. Non mi vergogno di dire che li prenderei a calci nel deretano #Luas #coronavirus https://t.co/0c3Ef7Kk2r",2020-11-05 13:10:54,1324338400967725057,444225252,colvieux,,,,"['Dublino', 'nomask', 'Luas', 'coronavirus']",4,14,it,Twitter for iPhone,,
"RT @arturodicorinto: Poi dicono che la #psicologia non serva.
#COVID19 #nomask #novax https://t.co/yeZTzgrhev",2020-11-05 13:14:28,1324339297038831616,278743885,loviuz,,,,"['psicologia', 'COVID19', 'nomask', 'novax']",10,0,it,Twitter for Android,,
"RT @arturodicorinto: Poi dicono che la #psicologia non serva.
#COVID19 #nomask #novax https://t.co/yeZTzgrhev",2020-11-05 13:23:20,1324341529251618817,1896948878,AndPaoMo,,,,"['psicologia', 'COVID19', 'nomask', 'novax']",10,0,it,Twitter Web App,,
"Sintetica descrizione di un manipolo di coglioni👍
#5novembre #COVID19 #nomask #novax #negazionisti #facciamorete #coronavirus #covidiota https://t.co/YdICrfb0Gh",2020-11-05 13:37:41,1324345143068102656,1253006838360047618,mau13_mau,,,,"['5novembre', 'COVID19', 'nomask', 'novax', 'negazionisti', 'facciamorete', 'coronavirus', 'covidiota']",0,0,it,Twitter Web App,,
"When the presdient claims he's won the #Election2020  and none of the supporters   wore the #mask at the event... 
#USElection2020 #TrumpvsBiden #nomask #nomasknoservice #TrumpMeltdown #TrumpCovid19 #BidenHarris2020 #Biden #TrumpIsALaughingStock https://t.co/f5RwFOTltE",2020-11-05 14:18:01,1324355291161501697,1246039980713095171,DabaniMo,,,,"['Election2020', 'mask', 'USElection2020', 'TrumpvsBiden', 'nomask', 'nomasknoservice', 'TrumpMeltdown', 'TrumpCovid19', 'BidenHarris2020', 'Biden', 'TrumpIsALaughingStock']",0,0,en,Twitter Web App,,
"SCHIFO ITALICO
@AdryWebber più che donna libera una pazza conclamata in libertà. Letame in tacchi a spillo🤮
#5novembre #lapeggiore_ddestra_disempre #salvini #Qazzari #COVID19 #nomask #novax #negazionisti #facciamorete #coronavirus #covidiota #Coronavirusitalia #COVID19italia https://t.co/3clyoaMZBa",2020-11-05 15:09:30,1324368249459531776,1253006838360047618,mau13_mau,,,,"['5novembre', 'lapeggiore_ddestra_disempre', 'salvini', 'Qazzari', 'COVID19', 'nomask', 'novax', 'negazionisti', 'facciamorete', 'coronavirus', 'covidiota', 'Coronavirusitalia', 'COVID19italia']",1,0,it,Twitter Web App,,
Do you trust the governments rational behind the second lockdown?#Agenda21 #COVID1984 #BorisHasFailedTheUK #BorisOut #WorldEconomicForum #TheGreatReset #PlandemicHoax #BillGates #WhyAreTheyDoingThis #WeDoNotConsent #nolockdown #nomask #COVIDIOT #CrimesAgainstHumanity #UKLockdown2,2020-11-05 15:19:47,1324370834853634055,277044368,Thecitycyclist_,,,,"['Agenda21', 'COVID1984', 'BorisHasFailedTheUK', 'BorisOut', 'WorldEconomicForum', 'TheGreatReset', 'PlandemicHoax', 'BillGates', 'WhyAreTheyDoingThis', 'WeDoNotConsent', 'nolockdown', 'nomask', 'COVIDIOT', 'CrimesAgainstHumanity', 'UKLockdown2']",0,0,en,Twitter for iPhone,,
"@GovPritzker ""Insidious"" ooooh, now  I'm scared...not.  10 months in, hospitals fine, morgues not overflowing, life going on. #openIllinois #recallpritzker #ImpeachPritzker #NoMask",2020-11-05 18:16:46,1324415373748379648,981944523273244672,jenjent8675309,,,,"['openIllinois', 'recallpritzker', 'ImpeachPritzker', 'NoMask']",0,0,en,Twitter for Android,1.324124282281169e+18,1.0848175233784545e+18
"#Roma, #nomask  con ""sorpresa"": invece della #mascherina  addosso avevano la droga https://t.co/deoeW1Bc2l via @LaStampa",2020-11-05 19:23:05,1324432062460420103,1340641064,luisamosello,,,,"['Roma', 'nomask', 'mascherina']",0,0,it,Twitter Web App,,
"@TieRepublican Those who support @realDonaldTrump and against this voter fraud, we patriots should rebel and take our mask off! #nomask",2020-11-05 20:53:50,1324454900453974016,1317993198908624898,D_Mctruth,,,,['nomask'],0,2,en,Twitter for iPhone,1.3244535986427126e+18,1.299785825945817e+18
#KBF #NoMask #nolockdown #WeWillNotComply https://t.co/0doFBJtyhg,2020-11-05 20:54:50,1324455154628939785,74963487,tarsins,,,,"['KBF', 'NoMask', 'nolockdown', 'WeWillNotComply']",0,0,und,Twitter Web App,,
RT @MarcoNoel19: Il problema dei #NoMask è aver avuto dei padri No Condom.,2020-11-05 22:51:56,1324484623804567553,1193671938805293056,Ossessionato1,,,,['NoMask'],1632,0,it,Twitter for iPhone,,
"@KFOX14 #NoMask  I think the evidence now shows it doesn't work.  #NoMask  Be smart using common sense, our immune systems will do their job - but doesn't require a mask",2020-11-05 23:07:02,1324488421323276288,89798716,URRIGHT2000,,,,"['NoMask', 'NoMask']",0,0,en,Twitter Web App,1.3244870339229532e+18,20079730.0
"@denverpost Stupid.  #NoMask  The evidence now shows it doesn't work.  #NoMask  Be smart using common sense, our immune systems will do their job - but doesn't require a mask and shutdowns.",2020-11-05 23:08:47,1324488863415414786,89798716,URRIGHT2000,,,,"['NoMask', 'NoMask']",0,0,en,Twitter Web App,1.3244886582217482e+18,8216772.0
"Uno del genere non deve più esercitare la professione medica! Uno come lui dev'essere radiato dall'ordine dei medici!🤬

#Coronavirus #COVID19 #stopcovid19 #contagi #negazionisti #negazionistinocovid #nomask #nomasks #novax #covidioti #COVIDIOTS #COVIDIOT #medico https://t.co/KDBEYDROi9",2020-11-05 23:10:04,1324489185219268608,3241796650,giusvo,,,,"['Coronavirus', 'COVID19', 'stopcovid19', 'contagi', 'negazionisti', 'negazionistinocovid', 'nomask', 'nomasks', 'novax', 'covidioti', 'COVIDIOTS', 'COVIDIOT', 'medico']",12,41,it,Twitter for Android,,
"@TCHDHealth @CDPHE @makomedical @School29j @TownofBennett @adamscountygov @ArapahoeCounty #StopTesting and #NoMask  The evidence now shows it doesn't work.  #NoMask  Be smart using common sense, but our immune systems will do their job - but doesn't require a mask and most certainly, no shutdowns.   #Scamdemic",2020-11-05 23:10:44,1324489352874020865,89798716,URRIGHT2000,,,,"['StopTesting', 'NoMask', 'NoMask', 'Scamdemic']",0,2,en,Twitter Web App,1.32441840784486e+18,2290292576.0
"@CBSDenver #FEARwins  #StopTesting and #NoMask The evidence now shows it really doesn't work. #NoMask  Be smart using common sense, but our immune systems will do their job - but doesn't require a mask and most certainly, no shutdowns.   #Scamdemic",2020-11-05 23:14:12,1324490226547478531,89798716,URRIGHT2000,,,,"['FEARwins', 'StopTesting', 'NoMask', 'NoMask', 'Scamdemic']",0,0,en,Twitter Web App,1.324477605878399e+18,16313592.0
@GovSisolak #MaskUpNV #MaskUpNevada #UnMaskNevada #UnMaskNV #Mask #NoMask #Masks #NoMasks #UnMaskNevada #UnMaskNV #NoMaskNevada #NoMaskNV #NoMaskMandate #NoMaskMandates #UnMaskAmerica #NoMaskOnMe #Muzzle https://t.co/ON9Ypi9wkt,2020-11-05 23:28:50,1324493910828146688,747222559452708864,AdrienneF315,,,,"['MaskUpNV', 'MaskUpNevada', 'UnMaskNevada', 'UnMaskNV', 'Mask', 'NoMask', 'Masks', 'NoMasks', 'UnMaskNevada', 'UnMaskNV', 'NoMaskNevada', 'NoMaskNV', 'NoMaskMandate', 'NoMaskMandates', 'UnMaskAmerica', 'NoMaskOnMe', 'Muzzle']",0,1,und,Twitter for iPhone,1.3244065165106995e+18,1.080586433088258e+18
"@dougducey @AZDHS @drcarachrist #RemoveFear Doug.  #StopTesting and #NoMask The evidence now shows it really doesn't work. #NoMask  Be smart using common sense, but our immune systems will do their job - but doesn't require a mask and most certainly, no shutdowns.   #Scamdemic = YES",2020-11-05 23:31:14,1324494511448432640,89798716,URRIGHT2000,,,,"['RemoveFear', 'StopTesting', 'NoMask', 'NoMask', 'Scamdemic']",2,5,en,Twitter Web App,1.324493993770537e+18,20217019.0
"@RyanHaarer @9NEWS @CUBoulder LOL, so many in fear.  #StopTesting and #NoMask The evidence now shows it really doesn't work. #NoMask  Be smart using common sense, but our immune systems will do their job - but doesn't require a mask and most certainly, no shutdowns.   #Scamdemic = YES",2020-11-05 23:35:49,1324495665309851655,89798716,URRIGHT2000,,,,"['StopTesting', 'NoMask', 'NoMask', 'Scamdemic']",0,0,en,Twitter Web App,1.3244929807497708e+18,84183619.0
"Now that Covid/China Flu is dead I am having a race watch party this weekend with a full pot luck buffet, beer in the cooler, mix drink station, ice from the bag and no masks allowed! #COVID19 #NoMask #ChinaFlu",2020-11-06 00:56:52,1324516064298872832,75133412,SwankyFrankies,,,,"['COVID19', 'NoMask', 'ChinaFlu']",0,0,en,Twitter Web App,,
@reckonsouth This all above her authority!! #NoMask,2020-11-06 02:22:53,1324537711521337346,25541952,steel1man,,,,['NoMask'],0,0,en,Twitter for iPhone,1.3243988197993472e+18,8.881122469072568e+17
@krqe New Mexico governor at a large gathering no one wearing a mask !! #NewMexico  #NoMask https://t.co/5CvtfaevMI,2020-11-06 03:57:35,1324561543145672705,1321550774678282244,michele30603327,,,,"['NewMexico', 'NoMask']",0,0,en,Twitter for iPhone,1.3245567000415314e+18,16957784.0
Dear Roy Cooper I had covid. I have antibodies. I’m not wearing a mask anymore! #NoMask,2020-11-06 08:24:38,1324628748482842626,1287011892435865600,aug1884,,,,['NoMask'],0,0,en,Twitter for iPhone,,
"Here's conclusive proof that wearing a Mask causes harm &amp; forcing your children to wear one is child abuse. It's against the law to tell someone to do something that causes self-harm. Say #NoMask &amp; take a Stand. The Mask Agenda is about control not health

https://t.co/P32y4RVP6O",2020-11-06 10:12:19,1324655845788012546,1299996209617285121,4thFromAdam,,,,['NoMask'],5,6,en,Twitter Web App,,
"Hear it for ourselves.  Inventor of PCR test Kary Mullis,

“You can find ANYTHING in ANYBODY”  it’s NON specific.. 

CYCLING tests at high rates why ? Because the higher the cycles the higher FALSE positives! 

#covid #canada #nolockdown #nofear #nomask #stoptesting #ontario https://t.co/Biw5hTg91e",2020-11-06 12:25:02,1324689245450227719,21312851,TrueBLB,,,,"['covid', 'canada', 'nolockdown', 'nofear', 'nomask', 'stoptesting', 'ontario']",5,10,en,Twitter for iPhone,,
#TheMillionMaskMarch the Gathering begins and the police are heavy in force. Did they really think we were just going to go home 🤣🤣 #NoLockdown #NoMask #NoVaccine #WeDoNotConsent #SaveOurFreedom #SaveOurRights #NoNewNormal #NONWO #NoGreatReset #FactsOverFiction #FactsOverFear https://t.co/5aJaZB9Ll0,2020-11-06 13:54:09,1324711672813101058,1221145868675534849,Londonsaysnoto1,,,,"['TheMillionMaskMarch', 'NoLockdown', 'NoMask', 'NoVaccine', 'WeDoNotConsent', 'SaveOurFreedom', 'SaveOurRights', 'NoNewNormal', 'NONWO', 'NoGreatReset', 'FactsOverFiction', 'FactsOverFear']",0,0,en,Twitter for Android,,
@GregAbbott_TX @joerogan Nobody gives two shits about Rogan when we are under one man rule in Texas. “Non essential” Texans aren’t yukking it up with minor celebrities since they don’t have jobs. End all emergency orders today. #txlege is useless. @BenLemanTX @DrSchwertner #NoMask #OpenTexas,2020-11-06 14:25:10,1324719477154566145,918906612256874496,bulletzandboots,,,,"['txlege', 'NoMask', 'OpenTexas']",0,0,en,Twitter for iPad,1.3245476340492575e+18,90651198.0
#COVIDー19 #nomask #nolockdown https://t.co/scI09EWgnA,2020-11-06 15:06:31,1324729885705863172,1240941938800496641,levanten77,,,,"['COVIDー19', 'nomask', 'nolockdown']",0,0,und,Twitter for Android,,
"@MumbaiPolice 
@CPMumbaiPolice 
@PIBMumbai 
Hope #law will take action against this gentlemen
#noHelmet
#NoMask 
#NotFollowing #TrafficRules 
#COVIDー19 
#COVIDIOTS https://t.co/GEUQL6i4Pu",2020-11-06 17:42:55,1324769244655988736,1029573292472987648,Im_SKSCh,,"Hyderabad, India",IN,"['law', 'noHelmet', 'NoMask', 'NotFollowing', 'TrafficRules', 'COVIDー19', 'COVIDIOTS']",0,0,en,Twitter for Android,,4573405572.0
"@BenedettaFrucci @Moixus1970 In questo modo si educano anche i cittadini a comprendere i dati epidemiologici, distruggendo in tal modo tutte le teorie complottiste #nomask",2020-11-06 18:26:27,1324780198479482882,3918549935,FilippoBadolato,,,,['nomask'],0,0,it,Twitter for Android,1.3246426092440658e+18,170739225.0
#COVIDー19 #NoLockdowns #London #NoMask https://t.co/dWToxTlkVq,2020-11-06 19:00:54,1324788871067033602,1240941938800496641,levanten77,,,,"['COVIDー19', 'NoLockdowns', 'London', 'NoMask']",0,0,und,Twitter for Android,,
Fuck you #fascist asshole. #mbpoli #COVIDIOT #COVIDー19 #COVID19 #COVIDAlert #COVID #COVIDIOTS #coronavirus #tyranny #fakevirus #scamdemic #NoMask #nolockdown #Corona #covidmismanagement https://t.co/uJNTl3B10M,2020-11-06 19:33:54,1324797172865552388,300839018,BidenBuster294,,,,"['fascist', 'mbpoli', 'COVIDIOT', 'COVIDー19', 'COVID19', 'COVIDAlert', 'COVID', 'COVIDIOTS', 'coronavirus', 'tyranny', 'fakevirus', 'scamdemic', 'NoMask', 'nolockdown', 'Corona', 'covidmismanagement']",0,1,en,Twitter for iPad,,
Sverige #NoMask https://t.co/rKqGkvnvHc,2020-11-06 20:45:28,1324815184460980225,1231724330536427521,Camilla95959736,,,,['NoMask'],1,2,sv,Twitter for iPad,,
"@AndyOgles Thank You for upholding a Constitutional approach with your leadership!  It's the only way #Liberty prevails!

Please give @BillLeeTN a challenger!

@tennesseestands #Tennessee #NoMask",2020-11-06 20:52:03,1324816840774791171,2577718669,NashvilleAndrew,,,,"['Liberty', 'Tennessee', 'NoMask']",1,1,en,Twitter Web App,1.3247932698516644e+18,48375550.0
"Courage ! 🙏Un pour tous tous pour un contre cette dictature ! 👍👊💪

#desobeissancecivile
#StopDictature #faussepandemie #NoMask #fakepandemic #liberté #revolte #revoltezvous #trump2020🇺🇸 #TrustThePlan https://t.co/XInsp5fCSq",2020-11-07 01:25:19,1324885610587426819,1316841613382029313,capucineackerma,,,,"['desobeissancecivile', 'StopDictature', 'faussepandemie', 'NoMask', 'fakepandemic', 'liberté', 'revolte', 'revoltezvous', 'trump2020', 'TrustThePlan']",5,13,fr,Twitter for iPhone,,
#NoMask https://t.co/YSYhOguRHY,2020-11-07 01:32:45,1324887479565099008,1126974922247548930,Natan42861489,,,,['NoMask'],0,0,und,Twitter for Android,,
"LO ADORO ! 👍👏👏👏
BRAVO!!!!! 
#DittaturaSanitaria 
#nomask 
#GovernoCriminale https://t.co/zf48vXe236",2020-11-07 07:29:16,1324977200198787072,998188621881663489,Claudietta673,,,,"['DittaturaSanitaria', 'nomask', 'GovernoCriminale']",2,6,es,Twitter for Android,,
"RT @Claudietta673: LO ADORO ! 👍👏👏👏
BRAVO!!!!! 
#DittaturaSanitaria 
#nomask 
#GovernoCriminale",2020-11-07 07:29:28,1324977250668785664,998188621881663489,Claudietta673,,,,"['DittaturaSanitaria', 'nomask', 'GovernoCriminale']",2,0,es,Twitter for Android,,
Abbiamo una nuova testimonial da invitare in qualche televisione. #nomask #capre #milano https://t.co/f6hGhrXLBj,2020-11-07 09:17:43,1325004495630311425,341996757,danilodebiasio,,,,"['nomask', 'capre', 'milano']",0,0,it,Twitter for iPhone,,
#COVIDー19 #nolockdown #nomask https://t.co/V0fQqpxgBX,2020-11-07 10:55:38,1325029135060754436,1240941938800496641,levanten77,,,,"['COVIDー19', 'nolockdown', 'nomask']",1,1,und,Twitter for Android,,
At work last night a work colleague said to me with her hidden disabilities tag around her neck ‘why don’t you wear a mask’? I said ‘coz I don’t have too’ she looked so confused 🤣an shuffled off 👌🏽 @TheMindsculpter @lucario_kitty @carldewaynejr @mmjblair #nomask #WWG1GWA,2020-11-07 11:16:24,1325034362681880576,1296219488086634496,MeAtFifty,,,,"['nomask', 'WWG1GWA']",1,36,en,Twitter for iPhone,,
"Did #Trump's #MarkMeadows know he had #Covid19 B4 election? Apparently, But did he tell staff? Didn't want a pre-election story, so continued in his selfish #NoMask, #NoSocialDistance ways. Likely infected entire staff. Hope they feel betrayed. They were. https://t.co/kbVnVz8OjY",2020-11-07 11:51:18,1325043145453793283,45413198,KrauseForIowa,,,,"['Trump', 'MarkMeadows', 'Covid19', 'NoMask', 'NoSocialDistance']",21,39,en,Twitter for Android,,
"Do not assist the State with their evil agenda to indoctrinate our children through project fear.
#NoMask https://t.co/n5bznwB8AF",2020-11-07 12:35:00,1325054141719343104,1208439249642676224,TelegramJf,,,,['NoMask'],22,50,en,Twitter for iPhone,,
"RT @TelegramJf: Do not assist the State with their evil agenda to indoctrinate our children through project fear.
#NoMask https://t.co/n5bz…",2020-11-07 12:36:06,1325054419164139527,751573433876611072,Jacquel13895809,,,,['NoMask'],22,0,en,Twitter for iPhone,,
"RT @TelegramJf: Do not assist the State with their evil agenda to indoctrinate our children through project fear.
#NoMask https://t.co/n5bz…",2020-11-07 13:19:31,1325065345749618691,1286101674373853190,floWdaBgiBehT,,,,['NoMask'],22,0,en,Twitter for Android,,
#COVIDー19 #nolockdown #nomask #Brighton https://t.co/WHCHqRBNes,2020-11-07 13:20:24,1325065568878260228,1240941938800496641,levanten77,,,,"['COVIDー19', 'nolockdown', 'nomask', 'Brighton']",0,0,und,Twitter for Android,,
"RT @TelegramJf: Do not assist the State with their evil agenda to indoctrinate our children through project fear.
#NoMask https://t.co/n5bz…",2020-11-07 13:48:10,1325072553245814784,1457607050,LuciusOptimus,,,,['NoMask'],22,0,en,Twitter Web App,,
"@medeadicyta @negromanten1 @antonio_bordin @valy_s @evavola @ElenaInvernizzi @CesareOrtis @metaanto @AndFranchini @LucaSucci @fuoridallaue @scenarieconomic #noMask! #noLockdown! #Sweden!
https://t.co/cfKQZBMpmh",2020-11-07 14:34:33,1325084228921462784,408084708,gothp1,,,,"['noMask', 'noLockdown', 'Sweden']",0,0,und,Twitter Web App,1.325081235731964e+18,9.510640455867146e+17
"Sotto la mascherina, i funghi.
#covidioti #nomask",2020-11-07 14:37:28,1325084961649684480,1272714885105934339,Flavio_Tibaldi,,,,"['covidioti', 'nomask']",0,2,it,Twitter Web App,,
RT @melodyjaifans: Smile 😃 It can brighten someone’s day 😉 #nomask https://t.co/MKTdnnZspM,2020-11-07 15:16:00,1325094659304136706,1037832120792768513,ANDRESH80066366,,,,['nomask'],9,0,en,Twitter for Android,,
#StopDictatureSanitaire #COVIDー19 #Covid1984 #stoplockdown #NoMask #COVID19 https://t.co/4ZCuJcmXtE,2020-11-07 15:21:18,1325095994363666435,2319406526,GregCLAUDEL,,,,"['StopDictatureSanitaire', 'COVIDー19', 'Covid1984', 'stoplockdown', 'NoMask', 'COVID19']",0,0,und,Twitter for iPad,,
"dovete insorgere contro le multe elevate per far cassa, contro una malasanità, contro i privilegi di onorevoli e statali, contro le vessazioni fiscali e non per una cazzo di mascherina
#nomaskidioti #nomask #conte #Coronavirusitalia #COVID19 #lockdownitalia",2020-11-07 16:11:02,1325108509306925057,31394605,rossomagico,,,,"['nomaskidioti', 'nomask', 'conte', 'Coronavirusitalia', 'COVID19', 'lockdownitalia']",0,0,it,Twitter for Android,,
#NoLockdown #NoMask #NoVaccine #WeDoNotConsent #FactsOverFear https://t.co/VVxRl7wexa,2020-11-07 18:31:36,1325143882401722368,1221145868675534849,Londonsaysnoto1,,,,"['NoLockdown', 'NoMask', 'NoVaccine', 'WeDoNotConsent', 'FactsOverFear']",0,0,und,Twitter for Android,,
Hypocrit! We are in a pandemic! His words by the way! #nomask https://t.co/Yv42PcM1Cs,2020-11-07 20:44:22,1325177296341229568,1248654574661046273,VanSteenYves,,,,['nomask'],0,1,en,Twitter for Android,,
"Stento a capire come #BallandoConLeStelle possa essere considerato un'attività talmente essenziale da non rispettare alcuna norma di distanziamento sociale. Che dire... Bar, ristoranti, palestre, pizzerie, piscine, cinema, teatri, musei, ringraziano :( #nomask #ballandoconte",2020-11-07 22:31:36,1325204282484817920,365554118,NickCelentano,,,,"['BallandoConLeStelle', 'nomask', 'ballandoconte']",0,0,it,Twitter Web App,,
"Lol, @DanielAndrewsMP actually thinks he will decide when people stop wearing masks. He is losing the opportunity to make that decision before the people make it for him.
#NoMask 
#COVID__19 
#COVIDVIC19",2020-11-07 23:33:32,1325219868241653761,929595696390344704,armomelb,,,,"['NoMask', 'COVID__19', 'COVIDVIC19']",47,177,en,Twitter Web App,,
@JohnKingCNN Sleepy joe dancing 🕺 with no mask and hugging everyone on stage 😳😳🧐.  I guess the Rona has the night off #NoMask #hypocrisy,2020-11-08 02:03:51,1325257694836633600,28629973,lilmisneat,,,,"['NoMask', 'hypocrisy']",0,1,en,Twitter for iPhone,1.3252357112646492e+18,30043495.0
Dabo about to have that envelope on that desk on Monday #NoMask #CLEMvsND #ClemsonVsNotreDame,2020-11-08 04:19:06,1325291734155231233,28030723,WesGotRange,,,,"['NoMask', 'CLEMvsND', 'ClemsonVsNotreDame']",0,0,en,Twitter for iPhone,,
Glad to see these kids celebrating. Another example that the COVID mandates are over? #NoMask #OpenAmerica https://t.co/GHugVIXa9W,2020-11-08 04:52:05,1325300033554542593,1177430554729271296,ChaseThePatriot,,,,"['NoMask', 'OpenAmerica']",2,3,en,Twitter for iPhone,,
RT @ChaseThePatriot: Glad to see these kids celebrating. Another example that the COVID mandates are over? #NoMask #OpenAmerica https://t.c…,2020-11-08 04:55:05,1325300786709061632,4423287267,karenfadus1,,,,"['NoMask', 'OpenAmerica']",2,0,en,Twitter for Android,,
Oh so you can enter an indoor setting without a mask 🤔🙄🥴#NoMask #RememberanceSunday,2020-11-08 11:26:51,1325399381370171394,2564954549,carremma30,,,,"['NoMask', 'RememberanceSunday']",0,0,en,Twitter for iPhone,,
"@OverlookHotel71 Una volta ho beccato un profilo di un #nomask e il mio si è spento da solo

#covidiots",2020-11-08 12:39:40,1325417703687983104,2162738143,VirtualRaven,,,,"['nomask', 'covidiots']",1,2,it,Twitter for Android,1.3254068845563658e+18,1.285936091577688e+18
"RT @VirtualRaven: @OverlookHotel71 Una volta ho beccato un profilo di un #nomask e il mio si è spento da solo

#covidiots",2020-11-08 13:11:43,1325425770685222913,1285936091577688066,OverlookHotel71,,,,"['nomask', 'covidiots']",1,0,it,Twitter for Android,,
"Il 20 Luglio 2020, il governo spagnolo ha emanato l'obbligo di #mascherina ovunque all'aperto, persino in spiaggia, la norma più dura di Europa. Gli effetti sono stati evidenti
#COVID #COVIDIOTS #Covidioti #NoMask https://t.co/IJ9TG1mSz6",2020-11-08 14:47:29,1325449871143407616,35579991,stefano19,,,,"['mascherina', 'COVID', 'COVIDIOTS', 'Covidioti', 'NoMask']",0,0,it,Twitter for Android,,
"Feel this statement with all my ❤️❤️❤️
#NoLockdown #NoMask #NoVaccine #WeDoNotConsent #SaveOurFreedom #SaveOurRights #NoNewNormal #NONWO #NoGreatReset #FactsOverFiction #FactsOverFear #SaveOurChildren #UnitedWeStandUnitedWeFall #Unity #PowerInNumbers #Freedom https://t.co/GNAIV7muTN",2020-11-08 15:15:51,1325457008154316800,1221145868675534849,Londonsaysnoto1,,,,"['NoLockdown', 'NoMask', 'NoVaccine', 'WeDoNotConsent', 'SaveOurFreedom', 'SaveOurRights', 'NoNewNormal', 'NONWO', 'NoGreatReset', 'FactsOverFiction', 'FactsOverFear', 'SaveOurChildren', 'UnitedWeStandUnitedWeFall', 'Unity', 'PowerInNumbers', 'Freedom']",0,0,en,Twitter for Android,,
"#lockdownitalia 
#COVID__19 
#NoMask 
#novax

Ho capito . l'unico modo per affrontare tali individui non può essere quello dialettico ma solo prenderli pe rle terga, fantastico 😂😂😂😂😂😂😂

https://t.co/X7sXycyJWm",2020-11-08 15:47:27,1325464962261725184,2910176463,Teomondus,,,,"['lockdownitalia', 'COVID__19', 'NoMask', 'novax']",0,0,it,Twitter Web App,,
"#COVID19 #koronafi #koronasuomi #COVIDIOT #covididioten #nomask #FluShot 
Must watch! Katso! Something to think about.. https://t.co/tNapsjLc1v",2020-11-08 17:25:17,1325489582390079489,1089859663812837376,LuciusKetoFlex,,,,"['COVID19', 'koronafi', 'koronasuomi', 'COVIDIOT', 'covididioten', 'nomask', 'FluShot']",0,2,en,Twitter Web App,,
"@mumbaimatterz @mybmcWardGN If corona would actual be their....till now half of the population should vanish due to this virus.... And the poor would have died first due to lack of shelters unhygienic n all.....But its not like that...
So is their really now corona ??
#NoMask",2020-11-08 17:58:00,1325497817482231809,1124307553335296000,Bhavinpt1,,"Navi Mumbai, India",IN,['NoMask'],0,3,en,Twitter for Android,1.3254695522732073e+18,1.0100490764343583e+18
"Le grandi battaglie e vittorie della POLIZIA Locale.
Nel frattempo gli spacciatori continuano a fare il cazzo del comodo loro 🤮
Se uno va a spacciare in mascherina  é sicuro che non gli succede niente 🤮

#PoliziaItalianaFigliDiPuttana #FarsaVirus #NoMask https://t.co/P2qA28v92z",2020-11-08 18:36:58,1325507623219826689,1244277730818039808,revneD88,,,,"['PoliziaItalianaFigliDiPuttana', 'FarsaVirus', 'NoMask']",16,53,it,Twitter for Android,,
"@beetlebad Bravo to all of them! #NoMask 

👇🏻👇🏻👇🏻👇🏻🙄

Medical doctor Hilde De Smet asks critical questions about this covid-19 crisis 👇🏻

https://t.co/C7v13f2fVg",2020-11-08 19:41:26,1325523845256769538,3904149493,caelisangelus,,,,['NoMask'],1,0,en,Twitter for iPhone,1.32549923368482e+18,107557344.0
Amazing words that cut to the heart of what democracy is. https://t.co/ujAyYsA3YQ #NoMask #USElection2020 #kbf,2020-11-08 19:48:45,1325525685377576967,842312155915534336,zedphoenix4242,,,,"['NoMask', 'USElection2020', 'kbf']",2,2,en,Twitter for iPhone,,
#Covid_19 #nolockdown #nomask #france https://t.co/fWY3XGrbBo,2020-11-08 20:08:54,1325530759566913537,1240941938800496641,levanten77,,,,"['Covid_19', 'nolockdown', 'nomask', 'france']",1,2,und,Twitter for Android,,
"RT @caelisangelus: @beetlebad Bravo to all of them! #NoMask 

👇🏻👇🏻👇🏻👇🏻🙄

Medical doctor Hilde De Smet asks critical questions about this co…",2020-11-08 20:11:50,1325531496069951488,1244278377672048643,DaanBr2,,,,['NoMask'],1,0,en,Twitter Web App,,
RT @zedphoenix4242: Amazing words that cut to the heart of what democracy is. https://t.co/ujAyYsA3YQ #NoMask #USElection2020 #kbf,2020-11-08 20:41:13,1325538888950149121,106804745,DW_76,,,,"['NoMask', 'USElection2020', 'kbf']",2,0,en,Twitter Web App,,
#covid1984 #PlandemicHoax #nomask https://t.co/ATh73nuuVE,2020-11-08 21:13:29,1325547010364223491,711979069,LMAAstattAHA,,,,"['covid1984', 'PlandemicHoax', 'nomask']",0,0,und,Twitter for Android,,
"Siamo in questa situazione anche grazie ai #NoMask e ai #negazionisti del #COVID19 
Se tutti avessero portato la #mascherina e rispettato il #distanziamento, ora non saremmo qui 

Aspettando il #3dicembre 
#congiuntifuoriregione https://t.co/visgO8fZ65",2020-11-08 22:49:30,1325571173783056384,1323276537572040705,Ellementaryy,,,,"['NoMask', 'negazionisti', 'COVID19', 'mascherina', 'distanziamento', '3dicembre', 'congiuntifuoriregione']",1,4,it,Twitter for iPhone,,
@RealMattCouch We usually eat a huge lunch around 11 so we can nap and then hangout...RSVP HERE So I’ll know how many to cook for! Then onto the next #Trumplican ‘s house!! #NoMask,2020-11-08 23:13:24,1325577190440919045,1142841321352257538,cathyha47663808,,,,"['Trumplican', 'NoMask']",3,42,en,Twitter for iPhone,1.325572072635052e+18,601535938.0
